Li_mg_L,langmuir_q_mg_g,activity_model_q_mg_g,activity_model_mg_zero_q_mg_g
0.0,0.0,0.0,0.0
0.15236559139784947,0.031026079086632106,0.02968445508711894,7.015663466715535e-10
0.15592363986417362,0.03174673722357334,0.030374124152465366,7.346217941486727e-10
0.1595647760458577,0.03248404261273829,0.031079732774233825,7.692335882426709e-10
0.16329094021114401,0.033238375492551465,0.03180164540963352,8.054749405818944e-10
0.1671041179375102,0.03401012458379443,0.032540234664244924,8.434225028554965e-10
0.1710063411697327,0.0347996872692877,0.033295881465488175,8.831565282277246e-10
0.17499968930265808,0.03560746977692442,0.034068975239368936,9.247610403127849e-10
0.1790862902892593,0.03643388736609652,0.03485991409054527,9.683240100635735e-10
0.18326832177456728,0.03727936451755216,0.03566910498575529,1.0139375409442332e-09
0.18754801225608245,0.03814433512672377,0.03649696394064593,1.0616980627734787e-09
0.19192764227128362,0.0390292427005638,0.03734391621004358,1.1117065346438246e-09
0.19640954561286833,0.03993454055792527,0.03821039648170549,1.164068657340726e-09
0.20099611057237107,0.04086069203352252,0.03909684907358762,1.2188950957052932e-09
0.20568978121282278,0.04180817068550658,0.040003728134668556,1.2763017114049702e-09
0.21049305867112933,0.04277746050668807,0.04093149784936406,1.3364098065981998e-09
0.21540850249086343,0.0437690561394394,0.04188063264556739,1.3993463790017178e-09
0.22043873198617991,0.04478346309430594,0.04285161740634694,1.465244388892712e-09
0.22558642763758102,0.04582119797235483,0.043844947685336935,1.5342430386030563e-09
0.23085433252027604,0.0468827886912873,0.04486112992584608,1.6064880650885109e-09
0.23624525376589559,0.047968774715339425,0.0459006816837176,1.6821320461830562e-09
0.24176206405834047,0.04907970728899328,0.046964131853963746,1.7613347211769183e-09
0.24740770316456115,0.05021614967451836,0.04805202090120342,1.844263326386414e-09
0.25318517950108443,0.05137867739336111,0.049164901093918544,1.931092946415005e-09
0.2590975717371215,0.05256787847139689,0.05030333674255931,2.022006881837249e-09
0.2651480304351119,0.05378435368805665,0.051467904441506736,2.117197034071605e-09
0.2713397797295779,0.05502871682933729,0.0526591933149136,2.216864308243268e-09
0.27767611904518263,0.05630159494470106,0.053877805266431586,2.3212190348759555e-09
0.28416042485490955,0.05760362860786665,0.05512435523284095,2.43048141129015e-09
0.2907961524792983,0.058935472181490554,0.05639947144157808,2.5448819636260666e-09
0.2975868379276963,0.06029779408573286,0.05770379567217487,2.664662030452491e-09
0.30453609978250795,0.06169127707069899,0.05903798352160079,2.790074268967222e-09
0.31164764112744436,0.06311661849274272,0.06040270467350537,2.9213831848413146e-09
0.3189252515208018,0.06457453059461259,0.061798643171353904,3.0588656868083255e-09
0.32637280901482046,0.06606574078941811,0.06322649769544067,3.2028116671509627e-09
0.33399428222219896,0.06759099194838743,0.06468698184376029,3.3535246092908774e-09
0.34179373243086664,0.06915104269238219,0.06618082441671896,3.511322223743163e-09
0.34977531576813986,0.0707466676871299,0.06770876970565194,3.6765371137559976e-09
0.3579432854154158,0.07237865794212814,0.06927157778511964,3.8495174720165285e-09
0.3663019938745839,0.07404782111316774,0.07087002480893596,4.030627809868838e-09
0.3748558952873627,0.07575498180841618,0.07250490330988794,4.220249720556237e-09
0.383609547808798,0.0775009818979949,0.07417702250309764,4.4187826780705395e-09
0.39256761603618695,0.07928668082697643,0.07588720859295688,4.62664487326402e-09
0.4017348734947223,0.08111295593172017,0.07763630508358192,4.844274088956954e-09
0.4111162051811821,0.0829807027594562,0.07942517309270608,5.072128615853293e-09
0.42071661016701906,0.08489083539101906,0.08125469166893111,5.31068821116143e-09
0.430541204262238,0.08684428676662322,0.0831257581122484,5.5604551019042965e-09
0.44059522274148,0.08884200901456302,0.08503928829773284,5.821955034995688e-09
0.45088402313376597,0.09088497378270972,0.0869962170023007,6.0957383762549176e-09
0.46141308807738685,0.09297417257266757,0.08899749823441362,6.382381260632897e-09
0.4721880282414613,0.09511061707644,0.09104410556660199,6.682486796027642e-09
0.4832145853157173,0.09729533951544542,0.09313703247067422,6.99668632317774e-09
0.49449863507009195,0.0995293929817106,0.09527729265545741,7.325640734235918e-09
0.5060461904857786,0.1018138517810558,0.09746592040691086,7.670041852747435e-09
0.5178634049593905,0.10414981177807432,0.09970397093044923,8.030613877880969e-09
0.5299565755819486,0.10653839074269403,0.10199252069527222,8.40811489589424e-09
0.54233214649444,0.10898072869809526,0.10433266778052715,8.803338461952049e-09
0.5549967123217351,0.11147798826974366,0.10672553222306744,9.217115255559337e-09
0.5679570216866957,0.1140313550352822,0.10917225636660209,9.650314813022655e-09
0.5812199808063419,0.11664203787500865,0.11167400521198753,1.0103847340510371e-08
0.5947926571719989,0.1193112693226506,0.11423196676840446,1.057866561144703e-08
0.6086822833153828,0.12204030591613008,0.116847352405146,1.1075766952149378e-08
0.6228962606626302,0.12483042854799314,0.11952139720374076,1.1596195319792243e-08
0.6374421634783298,0.12768294281516138,0.12225536031008184,1.2141043476979987e-08
0.6523277429016539,0.13059917936764082,0.12505052528626437,1.2711455267397297e-08
0.6675609310767413,0.133580494255806,0.1279082004617674,1.3308627997218872e-08
0.6831498453795348,0.13662826927585375,0.13082971928362444,1.3933814927172246e-08
0.6991027927433223,0.1397439123130008,0.13381644066519802,1.4588327880375572e-08
0.715428274085289,0.14292885768197638,0.136869749333166,1.5273539971305254e-08
0.7321349888364387,0.1461845664643381,0.13999105617227114,1.599088846149689e-08
0.7492318395772978,0.14951252684211405,0.14318179856740534,1.6741877747839598e-08
0.7667279367818721,0.15291425442725098,0.14644344074254279,1.7528082489594622e-08
0.7846326036723859,0.1563912925863219,0.14977747409604775,1.8351150880549278e-08
0.8029553811873876,0.15994521275991913,0.15318541753180454,1.9212808073013373e-08
0.8217060330658723,0.16357761477613345,0.1566688177856449,2.01148597606741e-08
0.8408945510501277,0.16729012715748987,0.16022924974650463,2.1059195927644612e-08
0.8605311602100779,0.1710844074206834,0.16386831677169075,2.2047794771383327e-08
0.8806263243919618,0.17496214236842686,0.1675876509956396,2.3082726807508988e-08
0.9011907517942481,0.17892504837269407,0.17138891363151854,2.416615916490733e-08
0.9222354006737609,0.1829748716486081,0.1752737952649659,2.5300360079910273e-08
0.9437714851850532,0.18711338851819415,0.17924401613926164,2.6487703598729745e-08
0.9658104813561437,0.19134240566318375,0.18330132643118305,2.7730674497753767e-08
0.9883641332037979,0.1956637603660204,0.18744750651675882,2.9031873431746144e-08
1.0114444589916136,0.20007932073818618,0.19168436722610127,3.039402232045774e-08
1.0350637576342465,0.20459098593493147,0.19601375008649408,3.1819969984634544e-08
1.0592346152511862,0.20920068635545433,0.20043752755281088,3.331269804291496e-08
1.083969911873578,0.21391038382753952,0.2049576032243874,3.4875327081628686e-08
1.1092828283076606,0.21872207177563086,0.20957591204737655,3.651112311006856e-08
1.1351868531584806,0.2236377753712708,0.21429442050158976,3.8223504314370375e-08
1.1616957900176257,0.22865955166480637,0.2191151267708152,4.0016048123750363e-08
1.1888237648188036,0.23378948969721608,0.22404006089552247,4.189249860346489e-08
1.216585233365192,0.23902971059088018,0.22907128490687587,4.385677418952499e-08
1.2449949890325647,0.24438236761807008,0.23421089294089914,4.5912975780876866e-08
1.2740681706523034,0.24984964624589823,0.23946101133160283,4.8065395205483626e-08
1.3038202705784934,0.25543376415642544,0.2448237986818847,5.031852407749123e-08
1.334267142943402,0.2611369712405846,0.2503014459108839,5.2677063063443866e-08
1.3654250121057405,0.2669615495645391,0.2558961762765546,5.514593157633868e-08
1.3973104812962078,0.2729098133070513,0.2616102453720488,5.77302779171635e-08
1.4299405414649293,0.2789841086663997,0.26744594109459374,6.043548988445928e-08
1.463332580335497,0.2851868137353406,0.27340558358536193,6.326720587338223e-08
1.4975043916704436,0.2915203383425701,0.2794915251389412,6.623132648672178e-08
1.5324741847530827,0.2979871238591055,0.2857061500808541,6.933402668135504e-08
1.5682605940907688,0.30458964296796387,0.2920518746115964,7.258176847468444e-08
1.6048826893447503,0.31133039939547785,0.29853114661559976,7.598131423671871e-08
1.642359985491903,0.3182119276025529,0.30514644543351566,7.953974059464194e-08
1.680712453223762,0.325236792434135,0.3119002815961436,8.32644529779127e-08
1.7199605295883915,0.33240758872511833,0.318795196518286,8.716320083322758e-08
1.7601251288807647,0.3397269408608964,0.32583376215083587,9.124409354000992e-08
1.8012276537874556,0.34719750229072255,0.33301858058930245,9.551561705848383e-08
1.843290006791584,0.3548219549920192,0.34035228363694614,9.998665134383755e-08
1.886334601844086,0.36260300888374564,0.34783753232074743,1.0466648856150933e-07
1.9303843763075368,0.3705434011869125,0.35547701635829054,1.0956485214022865e-07
1.9754628031788815,0.37864589573030333,0.3632734535736806,1.1469191670107761e-07
2.021593903597596,0.3869132821994477,0.37122958926059346,1.200583289026148e-07
2.068802259645937,0.3953483753268726,0.3793481954905097,1.2567522924386854e-07
2.117113027448103,0.4039540140216449,0.3876320703641256,1.3155427486895924e-07
2.1665519505752897,0.41273306043620805,0.39608403720404844,1.377076634190237e-07
2.2171453737637803,0.4216883989685137,0.4047069436866979,1.4414815797925994e-07
2.26892025695338,0.4308229351974402,0.41350366091145857,1.5088911317099288e-07
2.321904189653678,0.44013959474950376,0.42247708240506926,1.5794450244099396e-07
2.3761254056457917,0.4496413220948662,0.4316301230592056,1.653289466025912e-07
2.4316127980274236,0.45933107927066386,0.440965717999298,1.7305774368560216e-07
2.4883959346092555,0.4692118445296992,0.4504868213825421,1.8114690015469594e-07
2.5465050736708763,0.479286610912561,0.4601964051231493,1.8961316355846788e-07
2.6059711800846452,0.48955838474127267,0.4700974575428215,1.9847405667433526e-07
2.6668259418160787,0.5000301840326062,0.4801929819445713,2.0774791321729438e-07
2.7291017868095575,0.5107050368292463,0.4904859951079159,2.17453915183644e-07
2.7928319002683453,0.5215859794470364,0.5009795257036097,2.2761213190399923e-07
2.8580502423381366,0.5326760546366147,0.5116766126260744,2.3824356088324503e-07
2.9247915662035466,0.543978309657795,0.5225803032417369,2.4937017050860284e-07
2.993091436607195,0.555495794265152,0.5336936515515898,2.6101494471061106e-07
3.062986248801246,0.5672315586033349,0.545019716266312,2.732019296656578e-07
3.1345132479415065,0.5791886510107453,0.5565615587923756,2.8595628263268196e-07
3.2077105489344158,0.5913701157303182,0.5683222411276678,2.99304323020806e-07
3.282617156747504,0.6037789905262592,0.5803048236652547,3.1327358578905336e-07
3.359272987194139,0.6164183042057223,0.5925123629039933,3.27892877283794e-07
3.4377188882036434,0.6292910740445521,0.6049479090648324,3.4319233362434485e-07
3.5179966615881084,0.6424003031163604,0.6176145036117576,3.5920348175208375e-07
3.6001490853175104,0.6557489775243749,0.6305151766765598,3.759593032636292e-07
3.684219936314996,0.669340063535663,0.6436529443865435,3.934943011540087e-07
3.7702540137844807,0.6831765046175309,0.657030806094747,4.1184456960141787e-07
3.818686501199235,0.690933827055,0.6645323189519232,4.2235518448060594e-07
3.858297163083002,0.6972612183760825,0.6706517415121309,4.31047866931048e-07
3.9483963001505336,0.7115970933971463,0.6845187077416346,4.511436919016108e-07
4.040599436510289,0.726186985989991,0.6986346362139016,4.7217336346461366e-07
4.134955704852831,0.7410337168344953,0.7130024295251036,4.941801041531612e-07
4.23151538521763,0.7561400675326762,0.7276249581769937,5.172091272640735e-07
4.330329931786005,0.7715087770657542,0.742505057220052,5.413077280043699e-07
4.431452000299737,0.7871425381581939,0.7576455228004814,5.665253787809123e-07
4.534935476119975,0.8030439935504581,0.773049108612242,5.929138288198609e-07
4.640835502941355,0.8192157321825032,0.7887185222556228,6.205272083110085e-07
4.749208512176669,0.8356602852903617,0.8046564215038879,6.494221372807235e-07
4.860112253027718,0.8523801224184762,0.8208654104801973,6.796578394063184e-07
4.973605823258382,0.869377647350788,0.8373480357470007,7.112962609941293e-07
5.089749700686308,0.8866551939639271,0.8541067823106305,7.444021953534653e-07
5.208605775409991,0.904215022006205,0.8711440695439763,7.790434128090328e-07
5.3302373827884155,0.9220593128064825,0.888462247030693,8.152907966050271e-07
5.454709337190856,0.940190164917354,0.9060635903345029,8.532184849655437e-07
5.58208796653479,0.9586095896974792,0.9239502966977564,8.929040195875857e-07
5.712441147630348,0.9773195068382757,0.9421244806735734,9.344285008552655e-07
5.845838342350127,0.9963217398405881,0.9605881696964695,9.778767500765933e-07
5.982350634643644,1.0156180114473554,0.9793432995965524,1.0233374790576498e-06
6.122050768416154,1.0352099390386864,0.9983917100630606,1.0709034673427898e-06
6.265013186292013,1.0550990299961829,1.0177351400630459,1.1206717474642706e-06
6.411314069283247,1.0752866770437444,1.037375223221746,1.1727437985597082e-06
6.561031377384462,1.0957741535724965,1.0573134831714257,1.2272257487317883e-06
6.714244891115732,1.1165626089579046,1.0775513288759233,1.28422858654112e-06
6.871036254035591,1.1376530638775146,1.098090049938461,1.3438683820404922e-06
7.031489016246798,1.1590464056381817,1.118930811900947,1.4062665177767275e-06
7.195688678918046,1.1807433835220178,1.1400746515429736,1.4715499302052908e-06
7.363722739845347,1.2027446041606762,1.1615224721895832,1.5398513619824072e-06
7.535680740077366,1.2250505269479575,1.1832750390369184,1.6113096256198308e-06
7.63737300239847,1.2381434523109514,1.196046777107233,1.6543110047559118e-06
7.711654311629553,1.247661459501069,1.2053329745053818,1.6860698790090454e-06
7.891737226312499,1.2705775531812107,1.2276967536303223,1.7642839133438704e-06
8.076025445700534,1.2937987986844706,1.2503666995005926,1.8461104539937186e-06
8.264617172267187,1.317325021714318,1.273342978755659,1.931715474904147e-06
8.457612901714779,1.3411558787472455,1.2966255971521994,2.0212725271268296e-06
8.655115476526,1.3652908529033605,1.3202143952116034,2.1149630821072236e-06
8.857230140766042,1.389729249933949,1.3441090439598602,2.212976890386292e-06
9.064064596164464,1.4144701943382136,1.3683090407716505,2.3155123564011332e-06
9.275729059506686,1.4395126256215458,1.3928137053308334,2.422776930099578e-06
9.492336321365691,1.464855294707812,1.4176221757193739,2.5349875161152235e-06
9.714001806205236,1.4904967605182082,1.4427334046471447,2.6523709012821577e-06
9.94084363388659,1.5164353867292832,1.4681461558353035,2.7751642013027526e-06
10.172982682611588,1.5426693387227226,1.4938590005656212,2.903615327417505e-06
10.410542653335526,1.569196580739445,1.5198703144084469,3.0379834739632853e-06
10.65365013568423,1.596014873250465,1.5461782741421146,3.1785396277449265e-06
10.902434675410438,1.6231217705568355,1.5727808548761724,3.3255671001860127e-06
11.157028843425403,1.6505146186307968,1.5996758273911378,3.4793620832661893e-06
11.417568306442538,1.6781905532100132,1.626860755707016,3.6402342302974405e-06
11.456059503597706,1.682249136231552,1.630848350106431,3.664299496357753e-06
11.684191899270745,1.7061464981564878,1.654332994892883,3.8085072626366794e-06
11.957041698795917,1.7343791640913948,1.6820896891293546,3.984519603480932e-06
12.236263099690078,1.7628850473166755,1.7101277700358353,4.168625039940674e-06
12.522004891888482,1.7916604290337839,1.7384439552735165,4.361193414639503e-06
12.814419339875958,1.820701374869459,1.7670347474354573,4.5626113481426635e-06
13.113662263824756,1.850003734717843,1.7958964332338585,4.773282993573772e-06
13.419893122627128,1.8795631429076387,1.825025082994747,4.993630824838291e-06
13.733275098866885,1.9093750187023386,1.8544165504693015,5.224096459934035e-06
14.053975185775228,1.9394345671408346,1.8840664729708072,5.4651415208937835e-06
14.382164276217146,1.9697367802249328,1.9139702718451441,5.717248531971889e-06
14.718017253755871,2.0002764384595006,1.9441231532823249,5.9809218577571845e-06
15.061713085843834,2.031048112750084,1.9745201094758358,6.256688682967678e-06
15.27474600479694,2.049881902227259,1.9931319841170423,6.4306266083264675e-06
15.413434919189848,2.06204616666193,2.0051559201352998,6.545100035758716e-06
15.773370177353284,2.0932647590433997,2.0360251543577,6.846731856455893e-06
16.14171066061733,2.1246978470157676,2.067122172861053,7.162186113707065e-06
16.51865264819439,2.156339189330358,2.0984411305836064,7.492091970134606e-06
16.90439700281826,2.1881823500929496,2.1299759796507707,7.837106999658897e-06
17.299149277778813,2.22022070285427,2.161720472710693,8.197918458758983e-06
17.70311982645601,2.25244743506429,2.1936681666386395,8.57524461403339e-06
18.116523914411825,2.2848555528869334,2.2258124266089805,8.969836128528356e-06
18.539581834099764,2.3174378863706715,2.2581464305327508,9.382477509405685e-06
18.97251902225312,2.3501870949693107,2.29066317385721,9.81398861963545e-06
19.093432505996176,2.359228344385599,2.299643273301017,9.936169779536578e-06
19.41556618001441,2.3830956734061646,2.32335547472339,1.0265226256514186e-05
19.868959395870046,2.4161559578736336,2.35621597947544,1.073708579993059e-05
20.3329402714559,2.4493601325591117,2.3892371685157476,1.1230502933427876e-05
20.807756050300664,2.4827002364869952,2.4224113624973067,1.1746455441242934e-05
21.293659749575554,2.516168170665474,2.4557307288446237,1.228596508464033e-05
21.790910294920643,2.5497557055257203,2.489187288593012,1.2850099561003282e-05
22.29977265841974,2.583454488640048,2.522772923534905,1.3439974549292774e-05
22.820517999797296,2.6172560527046125,2.5564793836609416,1.4056755845641913e-05
22.91211900719541,2.623131840949041,2.562340519919574,1.416662149833744e-05
23.3534238109124,2.6511518237712264,2.5902982948823547,1.4701661593016034e-05
23.898774063627066,2.6851331297119954,2.6242211670203366,1.537596460903866e-05
24.456859361127602,2.7191912088995984,2.65823940204705,1.608099481625996e-05
25.027977092779658,2.753317219085219,2.6923443025617475,1.6818141779330383e-05
25.612431592599357,2.7875022464554,2.726527080485174,1.7588857353732803e-05
26.210534301425053,2.8217373148484097,2.7607788659540504,1.839465845092974e-05
26.730805508394646,2.8509205799688875,2.7899913812318937,1.9109626252291967e-05
26.822603932876213,2.8560133951101268,2.7950907163968894,1.9237129924989315e-05
27.448966643187827,2.890321414568882,2.8294536257718814,2.011792758597545e-05
28.089956205010626,2.9246522666082466,2.863858533946737,2.103878134561145e-05
28.745914185269967,2.9589968203163948,2.898296336199711,2.2001498500968035e-05
29.417190127178113,2.993345930190366,2.9327578928212015,2.3007967162172837e-05
30.104141736496956,3.0276904458733327,2.967234038794043,2.4060159830397456e-05
30.54949200959388,3.0495331608743075,2.9891704632401956,2.475427939350415e-05
30.80713507215018,3.062021221902843,3.001715593530986,2.51601371326472e-05
31.526544741286642,3.0963291274479907,3.0361933706474007,2.6310051720162475e-05
32.26275409889897,3.130605056013496,3.0706581877470187,2.7512152337531597e-05
33.01615545210369,3.164839935088797,3.1051008761986614,2.876878806992388e-05
33.78715026919163,3.1990247357204784,3.1395122908817674,3.0082412776167557e-05
34.368178510793115,3.2242377124971227,3.1649046506433383,3.109080567625194e-05
34.576149393559945,3.2331504819866566,3.173883319878749,3.1455589715734866e-05
35.38357326264017,3.26720826035232,3.2082048940924164,3.289099637804183e-05
36.209852131938604,3.3011892288850895,3.242467996766992,3.439142952283247e-05
37.055426304308405,3.3350846263113634,3.276663672891486,3.595981044079629e-05
37.920746364575606,3.3688857808934585,3.3107830384649093,3.759919044396463e-05
38.18686501199235,3.3791060620615925,3.3211032276319936,3.8110338687418415e-05
38.806273419644334,3.4025841191090342,3.34481728960306,3.931275659583923e-05
39.71247934420892,3.4361711741147976,3.378757711467426,4.110383769164013e-05
40.6398470322038,3.4696385939773244,3.4125956869972476,4.297591049950503e-05
41.58887065412521,3.5029781496546764,3.446322705426784,4.493260627394333e-05
42.005551513191584,3.5173350673729282,3.4608521117398205,4.580476191839775e-05
42.56005592036209,3.5361817427134334,3.4799303705702487,4.6977717553331383e-05
43.5539203506763,3.569241412766704,3.51341040885806,4.911520525375343e-05
44.57099354997554,3.6021493446196673,3.5467546771090364,5.134920607200973e-05
45.61181749052618,3.6348978751102914,3.5799551700234575,5.368404021118653e-05
45.82423801439082,3.6414696558189243,3.5866197809146243,5.4166589902899324e-05
46.67694680075646,3.6674794996338997,3.613004027384107,5.612421944274294e-05
47.76694906080392,3.6998868783413887,3.645893540952175,5.86744555196885e-05
48.88240510496416,3.732112842001974,3.6786161610468193,6.133966895604414e-05
49.64292451559005,3.753560946935817,3.700404341034266,6.318887666628487e-05
50.02390933120255,3.764150397522543,3.711164502798066,6.412499818844718e-05
51.19207001789374,3.7959927331167793,3.743531352063667,6.703580913643636e-05
52.3875096479577,3.827633223118381,3.7757096710020126,7.007770517868403e-05
53.46161101678929,3.855280481947184,3.803840468971672,7.28651435099048e-05
53.6108652405649,3.85906543243386,3.8076926032939156,7.32565375631726e-05
54.86278869058735,3.890283120631505,3.8394734790076432,7.657841627011184e-05
56.143947115976836,3.9212802456642644,3.871045819102544,8.004972134719354e-05
57.28029751798852,3.948004146613324,3.8982784474038206,8.31893209121413e-05
57.45502321325506,3.9520509672253663,3.9024033395675386,8.367711473764192e-05
58.79671562130508,3.9825896497365822,3.933539955192505,8.74675526223999e-05
60.16973929365792,4.01289086497012,3.9644497829707075,9.142829829871759e-05
61.09898401918776,4.0328747710608805,3.9848434340872267,9.41557010039727e-05
61.574825879473124,4.042949394306142,3.995127145132667,9.556693561839183e-05
63.01272411341601,4.07276023062889,4.025566571811963,9.989138300989277e-05
64.48420021463906,4.10231857986535,4.055762803345073,0.00010440990810969607
64.91767052038699,4.110849470490688,4.064480501786005,0.00010575889813931407
65.99003829508037,4.131619862171318,4.085710792207982,0.00010913114302921774
67.53104077729692,4.160659712770574,4.1154057045935994,0.00011406410028492224
68.73635702158623,4.182735896782537,4.137989281053412,0.00011799381577810951
69.10802882205518,4.189433982453721,4.144842921634736,0.00011921818942035842
70.72184276590652,4.217938737743969,4.174018040278104,0.00012460323435014979
72.37334256898087,4.246170260737918,4.202926873816224,0.00013022949145726436
72.55504352278547,4.249220317568121,4.2060509022516674,0.0001308556183724118
74.06340827323767,4.2741250486300375,4.2315654520840775,0.00013610766847627054
75.79294047141774,4.301799812930158,4.2599300213287625,0.00014224894419671808
76.3737300239847,4.310889594411045,4.269249162570919,0.00014433970727374296
77.56286078694599,4.3291914783838505,4.288017043760779,0.0001486649890222645
79.37411236504087,4.35629718160609,4.315823196796181,0.00015536798642274758
80.19241652518393,4.368248552551384,4.328087312412123,0.00015844169991317158
81.22766037529232,4.383114269439044,4.343345371999563,0.0001623706553180384
83.12449252597618,4.409640297045243,4.370580673738144,0.00016968627343419377
84.01110302638317,4.4217338315058905,4.383001483564689,0.00017315741167456356
85.0656195903785,4.435873025747691,4.397526417557903,0.00017732870167424207
87.0520759454105,4.461810420628834,4.424180128292922,0.0001853124095477733
87.8297895275824,4.471725021169844,4.434371517686457,0.00018848284000618762
89.08492012280176,4.4874506479004985,4.450539537919702,0.00019365250170547287
91.16523537316486,4.512792072057113,4.476602583168111,0.00020236474562676125
91.64847602878164,4.518553684453548,4.482529763917232,0.00020441415040936626
93.29413024323166,4.537833252824668,4.502367402901354,0.000211465600510839
95.46716252998088,4.562510720060251,4.527768276524025,0.0002209476640139954
95.4727391665694,4.562572941917967,4.527832335277151,0.00022097224742365432
97.7022230680913,4.5870100796187625,4.55299591470271,0.00023090262075565137
99.2858490311801,4.603852411057969,4.570344742063664,0.0002380798465055071
99.98376998268414,4.61114379118738,4.577856868596041,0.00024127544104757178
102.31859568828129,4.634973383120377,4.6024141139662955,0.00025211024924413943
103.10453553237934,4.642805425011988,4.610487390219572,0.0002558072982105822
104.7079443537193,4.658498339266707,4.62666675382565,0.00026342744243811154
106.92322203357858,4.679570971746667,4.648399085977023,0.00027412674518252796
107.15308920172437,4.681718316814789,4.650614073445531,0.00027524831116996964
109.65533318737968,4.704633142162626,4.6742555364696505,0.0002875950783514294
110.74190853477782,4.714328279780931,4.68426075805371,0.0002930350311540147
112.21600969243707,4.7272428066830425,4.69759078089614,0.0003004909398839715
114.56059503597704,4.747237518230471,4.71823428588089,0.0003125291102463266
114.83648323584116,4.749547462395805,4.720619614941183,0.0003139601070468383
117.51815020084796,4.771547417558215,4.74334201279636,0.00032802785073218624
118.37928153717628,4.778442264701372,4.750464942339142,0.00033260604034168284
120.26243957912074,4.7932431321854185,4.76575811029118,0.0003427205476086641
122.19796803837552,4.808071599399386,4.781083470007797,0.00035326297703936843
123.0708137322037,4.814635213511444,4.787868200472794,0.00035806572829823955
125.94476917077594,4.835724411401619,4.809672729114132,0.0003740921276549941
126.01665453957476,4.8362418898770745,4.810207853511379,0.00037449716812802615
128.88583735210514,4.856511613726734,4.831172290161425,0.000390829737238547
129.83534104077398,4.863058318456533,4.837944838623876,0.00039630594851616666
131.89558549612096,4.876997841708876,4.852367621131935,0.00040830986007897623
133.65402754197322,4.888616194596464,4.864391239363886,0.0004186867355708989
134.97561742054702,4.897184245248612,4.873259598472308,0.0004265651678344439
137.47271404317246,4.91300208671921,4.889635066816021,0.0004416370248216257
138.12757439553303,4.917072098242693,4.893849232887592,0.00044562976044737446
141.2914005443717,4.936294801824298,4.913756507415024,0.0004651543859911177
141.35313601824748,4.9366627939012,4.914137664650533,0.0004655392284097725
144.65402110789066,4.955957840072512,4.934126158900642,0.00048633071775329196
145.11008704557094,4.95856623624705,4.936828773604558,0.0004892364593211187
148.03198862161008,4.974958854584198,4.953816100941649,0.0005080429978849675
148.92877354677017,4.979882116912045,4.95891884588211,0.0005138809521636934
151.48883859180262,4.993667560607445,4.9732089915462465,0.0005307165323949636
152.7474600479694,5.000302649180156,4.980088122072273,0.0005390856358130616
155.02641308530724,5.012085782052289,4.992306442275906,0.0005543935529685247
156.56614654916865,5.019883084738676,5.00039298708368,0.0005648483425555283
158.64659718499425,5.030215439000439,5.011110170823663,0.0005791181365402634
160.38483305036786,5.038674220815442,5.019885314283806,0.0005911669629177997
162.3513199942782,5.048058543182151,5.029621996387133,0.0006049362858353477
164.2035195515671,5.056722840214826,5.038612907878826,0.0006180394430960711
166.14255566508652,5.065617193503133,5.047843835078621,0.0006318960134486679
168.02220605276634,5.07407210020133,5.05661989424158,0.0006454637825502916
170.02232444983636,5.082893571627129,5.065777695378843,0.0006600474296201092
171.84089255396557,5.090761877036252,5.0739470689313,0.000673438031749614
173.99269377797415,5.099889937619358,5.083425673640311,0.0006894428338712076
175.6595790551648,5.106829071957398,5.090632205149606,0.000701960290056534
178.05577935765646,5.116608625655665,5.100789949646095,0.0007201368106762193
179.47826555636405,5.122307883543714,5.10671032854182,0.0007310287037384772
182.21374630315535,5.13305203980182,5.1178727822291705,0.0007521863293484725
183.2969520575633,5.137230050695827,5.122213962550763,0.0007606414640967537
186.46881028859437,5.149222649867018,5.13467650495726,0.0007856508483313782
187.11563855876253,5.15162506986563,5.137173347940178,0.0007907968057037276
190.8232387286232,5.1651229873353,5.151203521887708,0.0008205924240921384
190.93432505996176,5.165520389663562,5.151616639605558,0.0008214930047400118
194.75301156116097,5.178941585545235,5.1655700833674825,0.0008527283774241739
195.27935198666566,5.180755641378236,5.167456303396429,0.0008570758248254309
198.5716980623602,5.191912516916502,5.179058175083193,0.0008845012785282114
199.8395246113802,5.196123254951854,5.183437382084729,0.0008951686491839625
202.39038456355945,5.2044554686873346,5.192103804105731,0.0009168100999726321
204.5061866019987,5.211228520980514,5.19914934876739,0.0009349414502629615
206.2090710647587,5.2165912790412925,5.20472838285806,0.00094965326949552
209.2818247032091,5.226074178630024,5.214594848545056,0.0009764678650761098
210.02775756595793,5.228339454961585,5.216951964065181,0.0009830292493904437
213.84644406715717,5.239718276860979,5.228793346994279,0.0010169365353085787
214.16898373027888,5.240663009672076,5.229776576963624,0.0010198247497717064
217.6651305683564,5.250744893495964,5.2402701738868736,0.0010513736551206834
219.17026792512016,5.254997834941693,5.244697276262965,0.0010650923208493717
221.48381706955564,5.261435408201696,5.25139901762332,0.001086339167835051
224.28834234402612,5.269081510889154,5.259359731717166,0.0011123543026498885
225.30250357075488,5.271804957359738,5.262195461535717,0.0011218316625677843
229.1211900719541,5.28186778190273,5.272674172177726,0.0011578497575620874
229.52593427780963,5.282916926227566,5.27376676806798,0.0011616980814035337
232.93987657315333,5.2916372925663495,5.28284896576577,0.001194392099253519
234.88583470510756,5.296506998676985,5.28792124605293,0.0012132148661357538
236.75856307435257,5.3011261295172885,5.292732868924567,0.0012314573613783192
240.3708997796199,5.309854671805735,5.301826059029321,0.0012669998567430478
240.5772495755518,5.310346216914745,5.302338174298742,0.0012690442441222964
244.39593607675104,5.3193088129006805,5.311676491529496,0.0013071514733077828
245.98405235208375,5.3229629119693875,5.315484129695106,0.001323152419566873
248.21462257795028,5.328024555459473,5.32075879404097,0.0013457777996164258
251.72828352778387,5.335834705347562,5.3288984069072285,0.0013817762708086747
252.03330907914952,5.336503504539768,5.329595462032747,0.0013849219978457822
255.85199558034876,5.344755180789174,5.338196322032484,0.0014245828661977639
257.606654260437,5.348473055078556,5.342071862597949,0.0014429796681456617
259.67068208154797,5.35278860121538,5.346570683325714,0.0014647592255971156
263.4893685827472,5.360612312054512,5.354727371546579,0.0015054499190383247
263.62229698329367,5.360880978491596,5.355007488789391,0.0015068756109238594
267.30805508394644,5.368234419098591,5.36267475968445,0.0015466538109593431
269.77841727833476,5.373061504436322,5.367708294706184,0.0015735820493230504
271.1267415851457,5.375662615708372,5.370420796735317,0.0015883697866407288
274.9454280863449,5.38290420871503,5.377973034204127,0.0016305967516288225
276.078295584442,5.385017670708927,5.380177303986184,0.0016432221029068998
278.76411458754416,5.389966142394056,5.385338650643805,0.0016733336311816986
282.52528894546106,5.396752521574234,5.392417551988857,0.001715924288991446
282.5828010887434,5.39685502067666,5.392524474398501,0.001716579369736753
286.40148758994263,5.403577127748065,5.399537004702631,0.001760332930398754
289.1228327990818,5.408269105382823,5.404432083200628,0.001791822761285767
290.22017409114187,5.4101384471677,5.406382431272665,0.001804593294447397
294.0388605923411,5.41654467963359,5.413066652515858,0.001849359460863325
295.87444280749844,5.419570472282202,5.416223948736681,0.0018710575592805615
297.85754709354035,5.422801259501801,5.419595292468437,0.0018946304458717599
301.6762335947396,5.428913370161528,5.42597371656559,0.0019404052825028478
302.783716730814,5.430659672020871,5.427796203938199,0.0019537748688830464
305.4949200959388,5.43488595835729,5.432207046336071,0.001986683020167967
309.31360659713806,5.440723747541375,5.438300173106096,0.002033462724251156
309.8543363441953,5.4415397518440125,5.439151906064126,0.0020401272948207825
313.1322930983373,5.446431250332295,5.4442577707895285,0.0020807434757150766
316.9509795995365,5.45201278014832,5.45008430783474,0.002128524370720688
317.0900693997944,5.452213754479441,5.450294112076243,0.0021302741453620502
320.7696661007357,5.457472462079099,5.455784058392193,0.0021768045202601775
324.4947716344911,5.462684716212364,5.461225876516345,0.0022243817299271527
324.58835260193496,5.462814243052985,5.461361112761487,0.0022255830498023655
328.4070391031342,5.468041901352694,5.4668193871715625,0.002274859098950179
332.07238882451355,5.472955665047369,5.471950249474129,0.0023226236701924543
332.22572560433343,5.473159055527541,5.472162632943072,0.0023246318211095694
336.0444121055327,5.478169172746408,5.477394445078133,0.0023749003831694056
339.8269588880431,5.483029618956017,5.4824702746443705,0.0024251812253185063
339.8630986067319,5.483075576631978,5.4825182703186375,0.002425663965191877
343.68178510793115,5.48788145461343,5.487537414711227,0.002476921760112903
347.5004716091304,5.492589864831766,5.4924550507136605,0.0025286729734522203
347.7626140369145,5.492909584208364,5.4927889874718,0.002532243631964054
351.3191581103296,5.497203742629228,5.49727422387487,0.002580916823032628
355.13784461152886,5.501725906651723,5.501997859118045,0.002633652538708122
355.8835829785699,5.502598553786603,5.502909413382025,0.00264400845978023
358.9565311127281,5.506159064590917,5.50662876665417,0.0026868793621004526
362.77521761392734,5.51050581859059,5.511169647551003,0.0027405965463438388
364.1941931694262,5.5120995058790445,5.5128345660969,0.002760681983112595
366.5939041151266,5.514768670339922,5.515623098980783,0.002794803355837465
370.4125906163258,5.518950025874663,5.5199916191680245,0.0028494990660055007
372.6988731208672,5.521415402452564,5.522567446032437,0.0028824795696748722
374.23127711752505,5.523052200105539,5.524277612057202,0.00290468296306424
378.0499636187243,5.527077421091834,5.528483391718747,0.0029603543437962477
381.4021547590805,5.530549187901597,5.53211103877753,0.003009626086995051
381.86865011992353,5.531027834076672,5.532611186510165,0.003016512515331078
385.6873366211227,5.534905505299407,5.536663143008139,0.003073156794932398
389.50602312232195,5.53871242559932,5.540641329726113,0.0031302865097913037
390.30867584001004,5.539503787771786,5.541468313651656,0.0031423563274742537
393.3247096235212,5.542450513823853,5.544547740630915,0.0031879009968254633
397.1433961247204,5.546121620053623,5.548384298470984,0.0032459996024840404
399.42318242069416,5.54828210755628,5.550642222339541,0.0032809154529395506
400.96208262591966,5.549727528655613,5.5521528579278545,0.0033045816825580747
404.7807691271189,5.55326996117512,5.555855208601758,0.0033636466019960985
408.59945562831814,5.556750579076318,5.559493077841467,0.0034231937347249373
408.75053138831953,5.556887031562734,5.559635697600933,0.003425559459615778
412.4181421295174,5.560170986340586,5.5630681334277226,0.003483222463475325
416.2368286307166,5.563532731931162,5.56658198611906,0.003543732179612313
418.2956930483286,5.565321421849013,5.568451652053517,0.0035765556644864528
420.05551513191585,5.566837312132051,5.5700361920681765,0.0036047222829702283
423.8742016331151,5.570086172768627,5.573432255116448,0.0036661921816920364
427.69288813431433,5.573280711316853,5.576771628973736,0.003728141292072964
428.06375377297314,5.573588117225592,5.577092977026947,0.003734183214062419
431.51157463551357,5.576422278907568,5.58005571929006,0.003790569038408202
435.3302611367128,5.579512182231898,5.583285885625402,0.003853474852844618
438.0599187117085,5.581689932322664,5.5855625414860395,0.003898733616626392
439.14894763791204,5.582551685353422,5.586463443323424,0.003916858175236277
442.9676341391113,5.585542011432381,5.58958966529449,0.003980718453003656
446.7863206403105,5.588484344366878,5.592665783713105,0.004045055140996448
448.289514564886,5.589629656719935,5.593863191021111,0.004070511299075266
450.60500714150976,5.591379830355668,5.595692991634545,0.004109867701359839
454.42369364270894,5.594229579386904,5.598672444535064,0.00417515560340413
458.2423801439082,5.597034666656891,5.601605261779943,0.00424091832347757
458.757992422212,5.597410054137117,5.601997746903402,0.0042498341895370545
462.0610666451074,5.599796133922634,5.604492528023194,0.004307155344842359
465.87975314630665,5.6025149907918,5.607335294542733,0.004373866157553657
469.4709306674988,5.605033861683155,5.609969005203706,0.004437034326998361
469.6984396475059,5.605192215953404,5.610134580514338,0.004441050258341561
473.51712614870513,5.6078287583524045,5.612891374227706,0.004508707150495903
477.33581264990437,5.610425538311142,5.615606634247679,0.0045768363437538
480.43403795123953,5.6125037891621705,5.617779735972019,0.0046324584992390476
481.1544991511036,5.612983448600433,5.618281290523436,0.004645437354189908
484.97318565230285,5.615503355462916,5.620916245448393,0.0047145097041092175
488.7918721535021,5.617986099591123,5.623512374873367,0.004784052921942407
491.6531562326035,5.619822518434202,5.625432682476401,0.004836468910436042
492.6105586547013,5.620432497062591,5.626070529075302,0.004854066542143567
496.42924515590056,5.622843340234215,5.628591533683959,0.004924550105090358
500.2479316570998,5.625219398597871,5.631076190568532,0.004995503156986393
503.1342638924626,5.626992702828787,5.632930560498898,0.0050494438798657235
504.06661815829904,5.6275614195992825,5.633525278686287,0.005066925249765877
507.8853046594983,5.629870129421942,5.635939554895115,0.005138815941000399
511.7039911606975,5.632146233737815,5.638319754731695,0.0052111747938077884
514.8834789191234,5.634016966609483,5.6402760576867275,0.005271778573206008
515.5226776618968,5.634390418426463,5.64066659315706,0.005284001376763011
519.3413641630959,5.636603350264126,5.642980765271034,0.005357295263811102
523.1600506642952,5.638785677584215,5.6452629469971845,0.005431056034181912
526.9070621684426,5.6408979044874235,5.647471832956638,0.005503885768013992
526.9787371654944,5.640938030910578,5.647513795739559,0.005505283272306754
530.7974236666937,5.643061023564872,5.64973395101263,0.005579976567736906
534.6161101678929,5.6451552522492205,5.651924035045711,0.005655135515063831
538.4347966690922,5.647221297605376,5.654084653363044,0.005730759713841057
539.2114207000787,5.647638081182066,5.654520515950601,0.005746196655034307
542.2534831702914,5.649259724751435,5.656216395340647,0.005806848768507802
546.0721696714907,5.651271083797182,5.658319834741046,0.005883402288314216
549.8908561726898,5.653255910339043,5.660395530226933,0.005960419887248071
551.8031111916462,5.654240031027278,5.66142470654093,0.005999161677075982
553.7095426738891,5.655214725935574,5.662444025854629,0.006037901183963146
557.5282291750883,5.657148038564375,5.664465851548353,0.006115845801708955
561.3469156762875,5.659056343061284,5.6664615235561095,0.006194253368262054
564.6888434326067,5.660706257620989,5.668186974382926,0.006263251407283362
565.1656021774868,5.660940121542621,5.66843154488807,0.006273123515858629
568.984288678686,5.662799843811277,5.670376405738153,0.006352455881128529
572.8029751798853,5.664635967747322,5.672296583889659,0.0064322501050306504
576.6216616810844,5.666448939683849,5.674192545105538,0.006512505832789557
577.8754838997409,5.667039233516613,5.674809858513271,0.006538957468717582
580.4403481822837,5.66823919476869,5.676064743504053,0.006593222713833387
584.2590346834829,5.670007157312618,5.677913621920429,0.006674400401733055
588.0777211846822,5.671753241124621,5.679739612255116,0.0067560385541425546
591.3700594161193,5.673241399954529,5.681295866992274,0.006826793497262355
591.8964076858814,5.673477849834806,5.68154313580924,0.00683813683274053
595.7150941870807,5.675181377205457,5.6833246036077405,0.006920694903172886
599.5337806882799,5.676864207430768,5.685084416710818,0.0070037124349966165
603.3524671894792,5.678526715425703,5.686822966514079,0.007087189101624664
605.1797608955125,5.679315166631915,5.687647476588269,0.007127296149968507
607.1711536906784,5.6801692671044615,5.688540635037902,0.007171124580271808
610.9898401918776,5.681792219648973,5.690237795206483,0.007255518551901625
614.8085266930768,5.6833959217678425,5.69191481111697,0.0073403707011744715
618.6272131942761,5.684980713946127,5.693572038299081,0.007425680716396427
619.3119471742516,5.68526291150928,5.693867132502437,0.0074410261610592015
622.4458996954753,5.686546928686333,5.695209823965644,0.007511448289469128
626.2645861966746,5.688094890740996,5.696828507254371,0.007597673115840653
630.0832726978738,5.689624917337158,5.698428419461249,0.0076843548944572765
633.774148932559,5.691086980652067,5.699957248132219,0.007768569447928612
633.901959199073,5.691137318393102,5.70000988426589,0.007771493327716038
637.7206457002723,5.692632396727639,5.701573217949158,0.007859088121418278
641.5393322014714,5.6941104482622285,5.703118729603367,0.00794713898472403
645.3580187026707,5.695571762216257,5.704646721335348,0.00803564563010711
648.5740727074577,5.69678968810575,5.705920204871867,0.008110538269585814
649.1767052038699,5.6970166212956945,5.706157488462701,0.008124607773311135
652.9953917050692,5.69844530187544,5.707651319703421,0.008214025133306338
656.8140782062684,5.699858074175544,5.709128497359252,0.008303897432247041
660.6327647074677,5.701255202431612,5.710589297492926,0.008394224395430003
663.7196049993825,5.702373315802881,5.7117583519482835,0.00846757244011876
664.4514512086669,5.7026369450595515,5.7120339900995765,0.00848500575125347
668.2701377098662,5.704003554814917,5.713462839272519,0.008576241231176859
672.0888242110653,5.705355278947049,5.7148761033636495,0.008667930569681256
675.9075107122646,5.7066923593481995,5.7162740351386185,0.008760073504230605
679.2188164747012,5.707840113500588,5.7174740062907485,0.008840340599883966
679.7261972134638,5.708015032697833,5.717656881926999,0.008852669775233447
683.5448837146631,5.709323530602311,5.719024885767646,0.00894571912600542
687.3635702158623,5.710618079730069,5.720378283549421,0.009039221302732428
691.1822567170616,5.711898901942534,5.72171730714743,0.009133176054434308
695.0009432182608,5.713166214420873,5.723042183554977,0.009227583132929195
695.0799662663619,5.713192298747037,5.723069452432834,0.009229541547263666
698.81962971946,5.714420229788765,5.724353135011362,0.009322442292798572
702.6383162206592,5.715661156231321,5.725650379125693,0.009417753291352703
706.4570027218584,5.716889197610303,5.72693412899684,0.009513515888596828
710.2756892230577,5.7181045535757775,5.728204593329686,0.009609729847197799
711.3115063749756,5.718432056875484,5.728546942445094,0.009635905633976644
714.0943757242569,5.719307419674309,5.7294619765477925,0.009706394932451358
717.9130622254562,5.720497987453867,5.730706478902633,0.009803510912249909
721.7317487266554,5.7216764445654915,5.7319382965794725,0.00990107755705078
725.5504352278547,5.722842974861903,5.73315762180007,0.009999094639845066
727.9220861726652,5.723561541024474,5.733908695897073,0.01006019622707993
729.3691217290539,5.723997758493127,5.734364642922256,0.01009756193612697
733.1878082302532,5.725140971999226,5.735559544536537,0.010196479223863577
737.0064947314523,5.726272788400286,5.736742507559821,0.010295846283465216
740.8251812326516,5.727393377283704,5.737913709326352,0.010395662897756177
744.6438677338508,5.728502904888897,5.739073323675932,0.010495928851945982
744.9205570121034,5.728582872182901,5.739156899847065,0.010503211240957327
748.4625542350501,5.729601534189522,5.7402215210396115,0.010596643933601114
752.2812407362493,5.73068942497327,5.741358468522807,0.010697807932617097
756.0999272374486,5.731766733919345,5.742484329986028,0.010799420641191111
759.9186137386478,5.732833614673694,5.743599266123267,0.010901481853794996
762.3159769431653,5.733498139258592,5.744293708858445,0.01096578474275758
763.7373002398471,5.733890217922041,5.744703434538116,0.011003991367148695
767.5559867410462,5.734936691460855,5.745796989817688,0.011106948980194079
771.3746732422454,5.735973180266257,5.746880083604473,0.011210354494069147
775.1933597434447,5.736999826560975,5.747952864666089,0.01131420771208277
779.0120462446439,5.7380167698794065,5.749015478963104,0.01141850843968957
780.1176155397355,5.738309399169158,5.749321245041054,0.011448788634920519
782.8307327458432,5.739024147130837,5.75006806971493,0.01152325648446547
786.6494192470424,5.740022092660882,5.751110777463859,0.011628451656083368
790.4681057482417,5.7410107383112186,5.752143740137349,0.011734093766289281
794.2867922494409,5.7419902134776475,5.753167093108519,0.011840182628878912
798.1054787506401,5.7429606451665505,5.754180969255043,0.011946718059674441
798.3349588392197,5.743018676953916,5.754241598116417,0.011953134418613422
801.9241652518393,5.743922158049794,5.755185499016366,0.012053699876501714
805.7428517530386,5.744874874518116,5.756180810449383,0.012161127899167791
809.5615382542378,5.745818914733064,5.757167029282579,0.012269001949438805
813.3802247554371,5.746754396677523,5.758144278968726,0.012377321851018187
816.9777143974203,5.747627965905672,5.7590568255055015,0.012479775042093974
817.1989112566363,5.74768143620486,5.759112680736121,0.012486087429525049
821.0175977578356,5.748600147086757,5.760072353638474,0.012595298512473117
824.8362842590348,5.7495106410597625,5.761023414603461,0.012704954929249793
828.654970760234,5.750413027870588,5.761965978479946,0.01281505651109565
832.4736572614332,5.751307415320207,5.762900158083994,0.012925603091084011
836.0558164614387,5.752139227721236,5.763768952437829,0.013029706838218275
836.2923437626325,5.752193909306792,5.76382606424364,0.013036594504101188
840.1110302638317,5.7530726138674995,5.764743805842489,0.013148030586826434
843.9297167650309,5.753943631219187,5.765653489862172,0.013259911177712885
847.7484032662302,5.754807061798044,5.766555221423693,0.01337223611696814
851.5670897674294,5.755663004298197,5.767449103827707,0.013485005246535528
855.3857762686287,5.756511555709321,5.7683352385937585,0.013598218410075373
855.5794312633841,5.756554392669563,5.768379972080701,0.01360397155552672
859.2044627698278,5.757352811353274,5.769213725498486,0.013711875452946748
863.0231492710271,5.758186864919793,5.77008466261289,0.013825976222189262
866.8418357722263,5.759013808501279,5.770948146338594,0.013940520566505311
870.6605222734256,5.759833732626689,5.7718042714432425,0.014055508336242384
874.4792087746248,5.760646726294578,5.772653131094964,0.014170939383375717
875.5589624376914,5.7608753597764615,5.772891845687435,0.014203658487563504
878.2978952758241,5.761452877005306,5.773494816895965,0.01428681356149117
882.1165817770233,5.7622522707924215,5.7743294189153085,0.014403130725768399
885.9352682782226,5.763044992253278,5.7751570257208416,0.01451989073296398
889.7539547794217,5.763831124578874,5.775977724410353,0.014637093441395252
893.572641280621,5.764610749582959,5.776791600641936,0.014754738710923846
896.0050565649624,5.765103997024836,5.777306502763501,0.014829906705321829
897.3913277818202,5.765383947730413,5.777598738663621,0.014872826402939805
901.2100142830195,5.766150798164938,5.778399221342273,0.01499135638034582
905.0287007842187,5.766911378736053,5.779193130191769,0.015110328507541532
908.8473872854179,5.767665766025448,5.77998054540051,0.015229742650408237
912.6660737866172,5.76841403537269,5.780761545858248,0.015349598676293737
916.4847602878164,5.769156260900292,5.781536209182265,0.015469896453997236
916.9286088452483,5.769242141569471,5.78162584124948,0.015483907397951498
920.3034467890157,5.769892515538206,5.782304611742941,0.015590635853754758
924.1221332902148,5.7706228710477045,5.783066828688667,0.015711816747224324
927.9408197914141,5.771347398044688,5.783822933970219,0.015833439007471844
931.7595062926133,5.772066166022463,5.784573000364496,0.015955502508956616
935.5781927938126,5.772779243373945,5.785317099497732,0.016078007127517512
938.3407689038273,5.773291599965421,5.785851727719838,0.01616690632712611
939.3968792950118,5.773486697413361,5.786055301868152,0.016200952740359015
943.2155657962111,5.774188594397433,5.786787676868064,0.016324339226037585
947.0342522974103,5.77488499954606,5.787514292805503,0.01644816646444819
950.8529387986096,5.77557597706252,5.788235216925283,0.01657243433681092
954.6716252998087,5.7762615901532035,5.78895051542964,0.01669714272565789
958.490311801008,5.776941901046888,5.789660253498329,0.016822291514820245
960.2529467325463,5.777254148409054,5.789985997596492,0.016880206400736612
962.3089983022072,5.77761697101356,5.790364495308306,0.01694788058941522
966.1276848034065,5.778286860382821,5.7910633040529325,0.017073909835833696
969.9463713046057,5.778951628561845,5.791756741960748,0.01720037914172746
973.765057805805,5.779611334052958,5.792444870313818,0.017327288395997
977.5837443070042,5.780266034470784,5.793127749465654,0.017454637488779248
981.4024308082033,5.7809157865590315,5.793805438858732,0.01758242631143551
982.676818769925,5.781131532990912,5.794030455376268,0.01762517037186382
985.2211173094026,5.781560646206878,5.79447799704163,0.017710654756539657
989.0398038106018,5.782200668465005,5.795145481685749,0.017839322717866167
992.8584903118011,5.782835907561256,5.7958079496016985,0.017968430090378806
996.6771768130003,5.783466416915954,5.796465456755283,0.018097976770218863
1000.4958633141996,5.784092249156884,5.797118058283157,0.018227962654694008
1004.3145498153988,5.784713456133927,5.7977658085081165,0.018358387642267028
1005.6243341232235,5.78492546995951,5.797986874871264,0.018403223669278546
1008.1332363165981,5.785330088933385,5.798408760954056,0.018489251632544713
1011.9519228177973,5.785942197891988,5.79904696836062,0.01862055452626707
1015.7706093189965,5.786549832610583,5.799680482697486,0.018752296225296325
1019.5892958201957,5.787153041967542,5.800309355178392,0.018884476632606437
1023.407982321395,5.787751874131865,5.800933636274813,0.019017095652272428
1027.2266688225943,5.788346376575998,5.801553375729367,0.019150153189460038
1029.1077209358195,5.788637645995254,5.80185699946133,0.01921585736603119
1031.0453553237935,5.788936596088385,5.802168622568924,0.01928364915041535
1034.8640418249927,5.789522578785741,5.802779425117436,0.01941758344245469
1038.6827283261919,5.790104370125061,5.80338583100848,0.019551955973954503
1042.5014148273913,5.7906820149153795,5.8039878871975485,0.01968676665434149
1046.3201013285905,5.791255557329268,5.804585639974081,0.019822015394082702
1050.1387878297896,5.791825040914103,5.805179134973216,0.01995770210467582
1053.139492903264,5.79226971849373,5.805642542357706,0.020064631293018595
1053.9574743309888,5.792390508603085,5.805768417187322,0.020093826698639648
1057.776160832188,5.792952002726025,5.806353530977272,0.020230389089504544
1061.5948473333874,5.793509565019912,5.806934520083482,0.02036738919180309
1065.4135338345866,5.794063236639252,5.807511427636719,0.020504826921060686
1069.2322203357858,5.794613058166194,5.808084296168692,0.02064270219378658
1073.050906836985,5.795159069620448,5.808653167622413,0.020781014927464644
1076.8695933381844,5.795701310468995,5.809218083362347,0.020919765040544498
1077.732455941523,5.7958233158575885,5.809345186877134,0.02095117730475877
1080.6882798393835,5.796239819635591,5.809779084184349,0.021058952452432604
1084.5069663405827,5.796774635510089,5.81033621032541,0.0211985770834835
1088.325652841782,5.797305795957558,5.81088950147319,0.02133863885499116
1092.1443393429813,5.797833338327219,5.811438996775352,0.02147913768918043
1095.9630258441805,5.798357299461201,5.811984734848729,0.021620073509198465
1099.7817123453797,5.798877715703116,5.8125267537882825,0.021761446239106527
1102.8997150109126,5.799300037796299,5.812966586725547,0.02187720270495914
1103.6003988465789,5.799394622906468,5.8130650911758925,0.02190325580387145
1107.4190853477783,5.799908056442879,5.81359978408896,0.02204550212935776
1111.2377718489774,5.800418051210163,5.814130869108856,0.02218818514231922
1115.0564583501766,5.800924641640229,5.814658382329168,0.02233130477039107
1118.8751448513758,5.801427861706839,5.815182359363825,0.022474860942082012
1122.693831352575,5.80192774493319,5.815702835355028,0.022618853586766338
1126.5125178537744,5.802424324399367,5.816219844981033,0.022763282634676137
1128.6546810994016,5.802701455633127,5.81650836629068,0.022844493839840874
1130.3312043549736,5.802917632749641,5.81673342246379,0.022908148016893774
1134.1498908561728,5.803407702199617,5.817243601576417,0.02305344966534411
1137.968577357372,5.80389456454325,5.817750415650535,0.023199187512787132
1141.7872638585714,5.804378251159725,5.818253897583453,0.023345361492810406
1145.6059503597705,5.804858793020188,5.818754079845237,0.023491971539821837
1149.4246368609697,5.805336220694369,5.819250994485604,0.02363901758904227
1153.243323362169,5.805810564357057,5.819744673140715,0.02378649957649845
1155.011078368975,5.806029112618635,5.8199721209428334,0.02385491986756854
1157.0620098633683,5.80628185379446,5.82023514703981,0.02393441743901563
1160.8806963645675,5.806750118410439,5.82072244701175,0.024082771114210883
1164.6993828657667,5.807215387232623,5.821206603491389,0.024231560540485836
1168.5180693669658,5.8076776889184085,5.821687646525868,0.02438078565701992
1172.3367558681653,5.808137051760845,5.822165605780757,0.024530446403763412
1176.1554423693644,5.8085935036944,5.822640510546102,0.024680542721430884
1179.9741288705636,5.8090470723006336,5.823112389742339,0.024831074551494275
1181.9829514689015,5.809284524250095,5.8233594173431475,0.02491043671254568
1183.7928153717628,5.80949778481374,5.8235812719261135,0.02498204183617646
1187.611501872962,5.80994566812601,5.824047185295974,0.025133444518444552
1191.4301883741614,5.810390748793176,5.824510157697978,0.025285282542003514
1195.2488748753606,5.810833053039658,5.824970216631177,0.02543755585128976
1199.0675613765598,5.811272606763716,5.825427389253001,0.025590264391464633
1202.886247877759,5.811709435542511,5.825881702384556,0.025743408108408375
1206.7049343789583,5.8121435646370525,5.826333182515807,0.025896986948713667
1209.5846730197588,5.812469178596222,5.8266717937587,0.026013091213757507
1210.5236208801575,5.812575018997082,5.826781855810676,0.02605100085967959
1214.3423073813567,5.813003823265845,5.8272277481120405,0.026205449789305477
1218.1609938825559,5.813430001784786,5.827670884946644,0.026360333686284966
1221.9796803837553,5.813853578598152,5.828111291529918,0.026515652499999817
1225.7983668849545,5.8142745774575175,5.828548992770707,0.02667140618051428
1229.6170533861537,5.814693021826221,5.828984013275919,0.02682759467856888
1233.4357398873528,5.815108934883727,5.829416377355086,0.026984217945575012
1237.2544263885522,5.815522339529905,5.82984610902484,0.027141275933608877
1237.8309512722396,5.815584536626639,5.829910760383828,0.027165025476788944
1241.0731128897514,5.815933258389232,5.830273232013311,0.027298768595405927
1244.8917993909506,5.816341713814919,5.830697769764452,0.02745669588435523
1248.7104858921498,5.816747727892967,5.83111974544227,0.027615057754493903
1252.5291723933492,5.817151322446147,5.831539181935007,0.02777385416050148
1256.3478588945484,5.817552519037908,5.831956101859217,0.027933085057694585
1260.1665453957476,5.817951338976222,5.832370527563792,0.02809275040202144
1263.9852318969467,5.818347803317349,5.832782481133905,0.028252850150056543
1266.7368379447921,5.818632032545535,5.833077799667082,0.02836848143960352
1267.803918398146,5.818741932869551,5.8331919843948965,0.028413384258995325
1271.6226048993453,5.819133748196727,5.833599058916081,0.028574352686648787
1275.4412914005445,5.81952326962199,5.834003726014488,0.02873575539143854
1279.2599779017437,5.819910517231186,5.834406006758536,0.02889759233239141
1283.0786644029429,5.820295510876341,5.834805921971662,0.029059863469134375
1286.8973509041423,5.820678270179053,5.835203492235848,0.029222568761889736
1290.7160374053415,5.821058814533833,5.835598737895134,0.02938570817146958
1294.5347239065406,5.8214371631113675,5.835991679059028,0.0295492816592714
1296.31773624431,5.821613074128995,5.83617436664324,0.02962580566265299
1298.3534104077398,5.821813334861755,5.836382335605892,0.029713289187272823
1302.1720969089392,5.822187348517654,5.83677072718624,0.029877730718026827
1305.9907834101384,5.822559222597406,5.837156873226,0.03004260621465683
1309.8094699113376,5.822928975408078,5.837540792929712,0.030207915640852057
1313.6281564125368,5.8232966250484814,5.8379225052836725,0.030373658960862745
1317.4468429137362,5.823662189412111,5.838302029059023,0.0305398361394953
1321.2655294149354,5.824025686190059,5.838679382814801,0.0307064471421079
1325.0842159161346,5.8243871328738654,5.839054584900906,0.030873491934605667
1326.5894090740974,5.824529043065503,5.839201889269823,0.030939454354380242
1328.9029024173337,5.8247465467583215,5.83942765346106,0.031040970483436195
1332.721588918533,5.825103944944229,5.8397986064356795,0.031208882755585057
1336.5402754197323,5.825459344341117,5.840167461564719,0.031377228718571244
1340.3589619209315,5.825812761669901,5.840534236390466,0.03154600834044269
1344.1776484221307,5.826164213465511,5.8408989482602856,0.03171522158977204
1347.9963349233299,5.826513716079471,5.841261614329318,0.031884868435652164
1351.8150214245293,5.82686128568243,5.841622251563133,0.03205494884769175
1355.6337079257285,5.827206938266658,5.84198087674035,0.03222546279601123
1357.5679874335215,5.8273812952991575,5.84216176876765,0.03231199864370082
1359.4523944269276,5.827550689648501,5.84233750645519,0.032396410251238364
1363.2710809281268,5.827892555470797,5.842692157120013,0.03256779118450411
1367.0897674293262,5.828232551205232,5.8430448449678085,0.0327396055674384
1370.9084539305254,5.828570692154696,5.843395586054618,0.03291185337216606
1374.7271404317246,5.828906993455568,5.8437443962619655,0.03308453457130274
1378.5458269329238,5.82924147007997,5.844091291299197,0.03325764913795068
1382.3645134341232,5.829574136837999,5.844436286705831,0.03343119704569496
1386.1831999353224,5.829905008379908,5.8447793978538245,0.033605178268599226
1389.2699790137983,5.830171161375123,5.845055379964893,0.033746130111579974
1390.0018864365215,5.830234099198256,5.845120639949845,0.033779592781202
1393.8205729377207,5.830561423630024,5.845460028037472,0.03395444055851253
1397.63925943892,5.830886995858703,5.845797576999391,0.034129721576007035
1401.4579459401193,5.831210829916331,5.84613330155952,0.03430543580962491
1405.2766324413185,5.831532939685521,5.846467216285138,0.03448158323576469
1409.0953189425177,5.831853338901438,5.84679933558896,0.03465816383128039
1412.9140054437169,5.832172041153753,5.847129673731168,0.03483517757347801
1416.7326919449163,5.832489059888565,5.84745824482144,0.03501262444011123
1420.5513784461155,5.832804408410291,5.847785062820922,0.03519050440937835
1421.7122769945345,5.832899946786929,5.847884071644204,0.03524466659438153
1424.3700649473146,5.833118099883526,5.848110141544179,0.03536881745991805
1428.1887514485138,5.83343014733488,5.848433494661111,0.03554756357080637
1432.0074379497132,5.833740563654776,5.848755135698847,0.03572674272155261
1435.8261244509124,5.834049361599227,5.849075078043599,0.035906354892095975
1439.6448109521116,5.834356553791583,5.849393334942494,0.03608640006280207
1443.4634974533108,5.834662152724253,5.849709919505378,0.03626687821445936
1447.2821839545102,5.834966170760394,5.850024844706587,0.03644778932827568
1451.1008704557094,5.835268620135582,5.850338123386692,0.03662913338587476
1454.91216904566,5.835568932325179,5.8506491668924605,0.03681055827223248
1454.9195569569085,5.835569512959456,5.850649768254221,0.03681091036929297
1458.7382434581077,5.835868861217326,5.85095979188735,0.03699312026097554
1462.5569299593071,5.8361666767717715,5.851268206735574,0.03717576304377393
1466.3756164605063,5.836462971364205,5.851575025121345,0.037358838700941546
1470.1943029617055,5.836757756616421,5.851880259241686,0.037542347216131235
1474.0129894629047,5.8370510440321,5.852183921169785,0.03772628857339163
1477.8316759641039,5.837342844998329,5.852486022856569,0.03791066275716397
1481.6503624653033,5.837633170787053,5.852786576132237,0.03809546975227894
1485.4690489665024,5.837922032556537,5.853085592707783,0.03828070954395333
1488.8873465395905,5.838179374427311,5.853351963452729,0.038446894056243054
1489.2877354677016,5.838209441352795,5.853383084176502,0.03846638211778691
1493.1064219689008,5.838495408111001,5.853679062015456,0.03865248745975959
1496.9251084701002,5.838779943656863,5.853973537586932,0.038839025556227764
1500.7437949712994,5.839063058708003,5.8542665221398655,0.039025996393921576
1504.5624814724986,5.839344763875301,5.854558026811263,0.03921339995994182
1508.3811679736978,5.839625069664211,5.854848062627577,0.03940123624175687
1512.1998544748972,5.839903986476077,5.855136640506086,0.039589505227199534
1516.0185409760963,5.840181524609416,5.855423771256234,0.0397782069044642
1519.8372274772955,5.840457694261182,5.855709465580965,0.039967341262103974
1523.6559139784947,5.840732505528021,5.855993734078022,0.04015690828902727
