source_flow_mL_min,source_flow_BV_h,BV,C_out_over_C_in
6.0,1.9098593171027443,0.0,0.0
6.0,1.9098593171027443,0.318309886,0.0
6.0,1.9098593171027443,0.636619772,0.0
6.0,1.9098593171027443,0.954929659,0.0
6.0,1.9098593171027443,1.432394488,0.0
6.0,1.9098593171027443,1.909859317,0.010784314
6.0,1.9098593171027443,2.864788976,0.05
6.0,1.9098593171027443,3.819718634,0.143137255
6.0,1.9098593171027443,5.252113122,0.32254902
6.0,1.9098593171027443,6.68450761,0.473529412
6.0,1.9098593171027443,8.276057041,0.561764706
6.0,1.9098593171027443,9.867606472,0.628431373
6.0,1.9098593171027443,11.459155903,0.674509804
6.0,1.9098593171027443,13.36901522,0.702941176
6.0,1.9098593171027443,15.278874537,0.729411765
6.0,1.9098593171027443,17.188733854,0.753921569
6.0,1.9098593171027443,19.098593171,0.769607843
6.0,1.9098593171027443,21.008452488,0.781372549
6.0,1.9098593171027443,22.918311805,0.797058824
9.0,2.8647889756541165,0.0,0.0
9.0,2.8647889756541165,0.477464829,0.0
9.0,2.8647889756541165,0.954929659,0.011764706
9.0,2.8647889756541165,1.432394488,0.062745098
9.0,2.8647889756541165,2.148591732,0.147058824
9.0,2.8647889756541165,2.864788976,0.198039216
9.0,2.8647889756541165,4.297183463,0.364705882
9.0,2.8647889756541165,5.729577951,0.485294118
9.0,2.8647889756541165,7.878169683,0.605882353
9.0,2.8647889756541165,10.026761415,0.690196078
9.0,2.8647889756541165,12.414085561,0.741176471
9.0,2.8647889756541165,14.801409708,0.779411765
9.0,2.8647889756541165,17.188733854,0.805882353
9.0,2.8647889756541165,20.05352283,0.829411765
9.0,2.8647889756541165,22.918311805,0.841176471
9.0,2.8647889756541165,25.783100781,0.858823529
9.0,2.8647889756541165,28.647889757,0.87254902
9.0,2.8647889756541165,31.512678732,0.880392157
9.0,2.8647889756541165,34.377467708,0.895098039
15.0,4.7746482927568605,0.0,0.0
15.0,4.7746482927568605,0.795774715,0.003921569
15.0,4.7746482927568605,1.193662073,0.256862745
15.0,4.7746482927568605,1.591549431,0.319607843
15.0,4.7746482927568605,2.387324146,0.379411765
15.0,4.7746482927568605,3.978873577,0.459803922
15.0,4.7746482927568605,4.774648293,0.509803922
15.0,4.7746482927568605,7.161972439,0.620588235
15.0,4.7746482927568605,10.345071301,0.72745098
15.0,4.7746482927568605,13.528170163,0.776470588
15.0,4.7746482927568605,16.711269025,0.82254902
15.0,4.7746482927568605,20.292255244,0.85
15.0,4.7746482927568605,23.873241464,0.858823529
15.0,4.7746482927568605,28.647889757,0.879411765
15.0,4.7746482927568605,33.422538049,0.9
15.0,4.7746482927568605,40.584510488,0.912745098
15.0,4.7746482927568605,47.746482928,0.920588235
