comparison,curve_index,height_m,source_flow_mL_min,influent_Li_mg_L,time_min,C_out_over_C_in
height,0,0.3,15.0,350.0,0.0,0.0
height,0,0.3,15.0,350.0,5.0,0.325163988
height,0,0.3,15.0,350.0,10.0,0.571413052
height,0,0.3,15.0,350.0,15.0,0.639645836
height,0,0.3,15.0,350.0,20.0,0.670808869
height,0,0.3,15.0,350.0,30.0,0.704619741
height,0,0.3,15.0,350.0,45.0,0.734560695
height,0,0.3,15.0,350.0,60.0,0.760835409
height,0,0.3,15.0,350.0,90.0,0.833141792
height,0,0.3,15.0,350.0,120.0,0.862675385
height,0,0.3,15.0,350.0,165.0,0.907281295
height,0,0.3,15.0,350.0,210.0,0.92866769
height,0,0.3,15.0,350.0,255.0,0.937833288
height,0,0.3,15.0,350.0,300.0,0.948832005
height,0,0.3,15.0,350.0,360.0,0.952090885
height,0,0.3,15.0,350.0,420.0,0.956164484
height,1,0.6,15.0,350.0,0.0,0.0
height,1,0.6,15.0,350.0,10.0,0.003921569
height,1,0.6,15.0,350.0,15.0,0.256862745
height,1,0.6,15.0,350.0,20.0,0.319607843
height,1,0.6,15.0,350.0,30.0,0.379411765
height,1,0.6,15.0,350.0,50.0,0.459803922
height,1,0.6,15.0,350.0,60.0,0.509803922
height,1,0.6,15.0,350.0,90.0,0.620588235
height,1,0.6,15.0,350.0,130.0,0.72745098
height,1,0.6,15.0,350.0,170.0,0.776470588
height,1,0.6,15.0,350.0,210.0,0.82254902
height,1,0.6,15.0,350.0,255.0,0.85
height,1,0.6,15.0,350.0,300.0,0.858823529
height,1,0.6,15.0,350.0,360.0,0.879411765
height,1,0.6,15.0,350.0,420.0,0.9
height,1,0.6,15.0,350.0,510.0,0.912745098
height,1,0.6,15.0,350.0,600.0,0.920588235
height,2,1.0,15.0,350.0,0.0,0.0
height,2,1.0,15.0,350.0,10.0,0.0
height,2,1.0,15.0,350.0,15.0,0.0
height,2,1.0,15.0,350.0,20.0,0.0
height,2,1.0,15.0,350.0,30.0,0.076674445
height,2,1.0,15.0,350.0,45.0,0.160590586
height,2,1.0,15.0,350.0,60.0,0.204992816
height,2,1.0,15.0,350.0,120.0,0.487293231
height,2,1.0,15.0,350.0,165.0,0.603798164
height,2,1.0,15.0,350.0,210.0,0.684659106
height,2,1.0,15.0,350.0,255.0,0.738226934
height,2,1.0,15.0,350.0,300.0,0.780592364
height,2,1.0,15.0,350.0,360.0,0.809107557
height,2,1.0,15.0,350.0,420.0,0.822550434
height,2,1.0,15.0,350.0,510.0,0.844547869
height,2,1.0,15.0,350.0,600.0,0.864508505
influent_concentration,0,0.6,15.0,300.0,0.0,0.0
influent_concentration,0,0.6,15.0,300.0,10.0,0.056830667
influent_concentration,0,0.6,15.0,300.0,15.0,0.166336673
influent_concentration,0,0.6,15.0,300.0,20.0,0.239136756
influent_concentration,0,0.6,15.0,300.0,30.0,0.312548604
influent_concentration,0,0.6,15.0,300.0,50.0,0.413489894
influent_concentration,0,0.6,15.0,300.0,60.0,0.47874487
influent_concentration,0,0.6,15.0,300.0,90.0,0.573772429
influent_concentration,0,0.6,15.0,300.0,130.0,0.68490981
influent_concentration,0,0.6,15.0,300.0,170.0,0.751592238
influent_concentration,0,0.6,15.0,300.0,210.0,0.787890319
influent_concentration,0,0.6,15.0,300.0,255.0,0.826635461
influent_concentration,0,0.6,15.0,300.0,300.0,0.839890378
influent_concentration,0,0.6,15.0,300.0,360.0,0.858447262
influent_concentration,0,0.6,15.0,300.0,420.0,0.878227676
influent_concentration,0,0.6,15.0,300.0,510.0,0.887812001
influent_concentration,0,0.6,15.0,300.0,600.0,0.900455152
influent_concentration,1,0.6,15.0,350.0,0.0,0.0
influent_concentration,1,0.6,15.0,350.0,10.0,0.003921569
influent_concentration,1,0.6,15.0,350.0,15.0,0.256862745
influent_concentration,1,0.6,15.0,350.0,20.0,0.319607843
influent_concentration,1,0.6,15.0,350.0,30.0,0.379411765
influent_concentration,1,0.6,15.0,350.0,50.0,0.459803922
influent_concentration,1,0.6,15.0,350.0,60.0,0.509803922
influent_concentration,1,0.6,15.0,350.0,90.0,0.620588235
influent_concentration,1,0.6,15.0,350.0,130.0,0.72745098
influent_concentration,1,0.6,15.0,350.0,170.0,0.776470588
influent_concentration,1,0.6,15.0,350.0,210.0,0.82254902
influent_concentration,1,0.6,15.0,350.0,255.0,0.85
influent_concentration,1,0.6,15.0,350.0,300.0,0.858823529
influent_concentration,1,0.6,15.0,350.0,360.0,0.879411765
influent_concentration,1,0.6,15.0,350.0,420.0,0.9
influent_concentration,1,0.6,15.0,350.0,510.0,0.912745098
influent_concentration,1,0.6,15.0,350.0,600.0,0.920588235
influent_concentration,2,0.6,15.0,400.0,0.0,0.0
influent_concentration,2,0.6,15.0,400.0,10.0,0.081301283
influent_concentration,2,0.6,15.0,400.0,15.0,0.310305464
influent_concentration,2,0.6,15.0,400.0,20.0,0.3892232
influent_concentration,2,0.6,15.0,400.0,30.0,0.457333081
influent_concentration,2,0.6,15.0,400.0,45.0,0.548893969
influent_concentration,2,0.6,15.0,400.0,60.0,0.592941078
influent_concentration,2,0.6,15.0,400.0,90.0,0.686949028
influent_concentration,2,0.6,15.0,400.0,120.0,0.749145177
influent_concentration,2,0.6,15.0,400.0,165.0,0.812564857
influent_concentration,2,0.6,15.0,400.0,210.0,0.847027641
influent_concentration,2,0.6,15.0,400.0,255.0,0.875984536
influent_concentration,2,0.6,15.0,400.0,300.0,0.895968873
influent_concentration,2,0.6,15.0,400.0,360.0,0.90922379
influent_concentration,2,0.6,15.0,400.0,420.0,0.917992427
influent_concentration,2,0.6,15.0,400.0,510.0,0.926557143
influent_concentration,2,0.6,15.0,400.0,600.0,0.934714015
