L,u_super,des_thresh,SEC_J_per_mol,Productivity_mol_per_m2_per_s
4.999518027338950787e+02,9.898348087922202027e-03,1.481806403124381610e-01,4.302292195441648364e+06,3.008589719094152681e-02
5.000651604283583573e-01,5.000006935988441547e-05,2.663839919464348061e-01,3.659494699880376345e+01,7.911509319528696796e-05
2.311021200078272102e+02,4.684538800189584108e-03,1.679883298493844990e-01,8.941887072612600168e+05,1.400643841923207220e-02
1.286880799386762533e+02,4.956740328783838974e-03,1.842743956200863231e-01,6.338219649636530085e+05,1.236423527953308711e-02
3.338798635500924661e+02,8.101749070058675978e-03,1.676800074028031162e-01,2.420600549190386664e+06,2.338458174280892005e-02
1.054719147421381251e+02,2.652663459355021885e-03,1.909182470826943923e-01,2.386203143808004679e+05,7.471336813902959215e-03
4.302443107367021753e+02,9.827587998457626081e-03,1.611651271523957540e-01,3.803952890039115213e+06,2.884013772015717875e-02
2.160760022013683113e+02,6.543775146193655211e-03,1.755905829250255235e-01,1.315833351153764175e+06,1.779884019214353699e-02
9.641174359853276599e+01,3.918830450799392490e-03,1.708511968039735374e-01,3.830770647534399177e+05,9.446854852686682735e-03
8.069413159176286854e+01,3.790286836177531645e-03,1.708585581535803366e-01,3.332061984023618279e+05,8.488782745181213882e-03
3.900547340000181862e+02,9.324834070644405851e-03,1.678017909228736726e-01,3.293561628450624179e+06,2.701556517707876318e-02
2.146234306537789678e+02,6.142212099084860301e-03,1.753497890836635542e-01,1.202327878851957852e+06,1.695673486827103255e-02
2.679829794370507443e+02,6.288602903483903050e-03,1.707514005637484622e-01,1.461717280535367317e+06,1.829056549865620482e-02
2.654144944088730540e+02,8.576980341555042603e-03,1.816546640871840868e-01,2.221708762548329774e+06,2.283774349032081236e-02
1.319423279859734635e+02,3.918830450799392490e-03,1.708511968039735374e-01,4.624141614126392524e+05,1.071017268514427509e-02
2.876371047216878551e+01,5.918682646756394296e-04,1.929762903803215190e-01,1.383725505672492727e+04,1.699474534748735824e-03
4.123675631216084980e+02,9.784277973414882631e-03,1.617163133977939926e-01,3.658808430922200903e+06,2.847013313818337957e-02
8.304146153201727998e+01,2.405387292250246722e-03,2.271440322456164673e-01,1.850538500819918700e+05,6.215647140575839523e-03
1.940531258393706935e+02,6.081835256177728181e-03,1.708865900975365948e-01,1.105971264249758795e+06,1.632822592965253033e-02
4.013624171814727788e+02,9.494308470790418716e-03,1.854596789214844887e-01,3.496932670465375762e+06,2.720054435551113800e-02
2.679829794370507443e+02,7.740646879832285485e-03,1.709238437575074654e-01,1.935110322624471970e+06,2.133254505306329124e-02
2.187949958402168420e+02,5.102469153497704232e-03,1.603869258105032058e-01,9.489469382635529619e+05,1.490754403981944289e-02
2.572977570514148624e+02,5.052129035448207559e-03,1.481806403124381610e-01,1.060927004799302900e+06,1.536233345134791102e-02
3.292727574921607356e+02,9.269783523017487148e-03,1.846246299175295646e-01,2.894499348887044936e+06,2.562661661223275544e-02
2.628707871857957912e+02,6.663456585027954793e-03,1.707279025830382158e-01,1.555291429596767761e+06,1.902564844254813967e-02
4.162079898864627694e+02,9.494308470790418716e-03,1.491783292368827618e-01,3.539388897341448348e+06,2.786828808363640483e-02
4.757481127221801671e+02,9.679283009701339022e-03,1.617163133977939926e-01,4.038616810774874873e+06,2.908335075413539389e-02
3.278808071361917769e+02,8.901651974398822054e-03,1.648325701884664762e-01,2.713376849397752900e+06,2.498559432709764397e-02
3.292727574921607356e+02,9.467686646179583262e-03,1.846246299175295646e-01,2.978495947619249579e+06,2.604366858155951481e-02
3.338798635500924661e+02,8.472348925380249196e-03,1.676800074028031162e-01,2.567957128529987298e+06,2.422014204473971546e-02
3.046162791562666712e+02,6.895062501325238680e-03,1.611651271523957540e-01,1.815797425699738553e+06,2.028082831331965569e-02
8.039006361371647813e+01,9.875944513571708813e-04,1.934075549313717945e-01,6.501338443969142099e+04,2.830490807053079490e-03
4.940842990095577534e+02,9.827587998457626081e-03,1.611651271523957540e-01,4.247034756742933765e+06,2.966419459775219980e-02
3.042538132994484386e+02,9.324834070644405851e-03,1.678017909228736726e-01,2.755003596925123129e+06,2.519231967263673572e-02
2.900331465073620620e+02,6.596594207749525811e-03,1.622248881336809112e-01,1.649572277334669838e+06,1.937963447191655073e-02
3.279186312628738165e+02,8.472348925380249196e-03,1.676800074028031162e-01,2.534029573683402967e+06,2.410619364929080660e-02
1.964519373609755348e+02,3.762150366951864423e-03,1.684028321512794912e-01,5.985138924597261939e+05,1.133080182133086242e-02
3.031859003252936873e+02,6.653903497663472139e-03,1.622474169733537641e-01,1.727586966410653666e+06,1.969597924648171586e-02
8.304146153201727998e+01,1.446563518750082922e-03,1.760364879733040677e-01,9.436511681162060995e+04,4.349815747510414610e-03
2.876371047216878551e+01,1.705471491671110146e-04,1.929762903803215190e-01,4.529253827541238024e+03,4.285178153283693845e-04
